Date,Account,Actual,Predicted,Probability
2025-03-28,0x23e7a7f8d14b550961925fbfdaa92f5d195ba5bd,0,1,0.561930304485238
2025-03-29,0x23e7a7f8d14b550961925fbfdaa92f5d195ba5bd,1,1,0.5230097750700158
2025-03-31,0x23e7a7f8d14b550961925fbfdaa92f5d195ba5bd,0,1,0.7399472986760393
2025-04-03,0x23e7a7f8d14b550961925fbfdaa92f5d195ba5bd,0,1,0.5357783556966099
2025-04-15,0x23e7a7f8d14b550961925fbfdaa92f5d195ba5bd,0,0,0.3528858723952553
2025-04-16,0x23e7a7f8d14b550961925fbfdaa92f5d195ba5bd,0,1,0.5197136614316297
2025-04-17,0x23e7a7f8d14b550961925fbfdaa92f5d195ba5bd,1,1,0.7340187297475157
2025-04-18,0x23e7a7f8d14b550961925fbfdaa92f5d195ba5bd,1,1,0.7541109840585064
2025-04-19,0x23e7a7f8d14b550961925fbfdaa92f5d195ba5bd,0,1,0.6781954483188535
2025-04-20,0x23e7a7f8d14b550961925fbfdaa92f5d195ba5bd,1,1,0.7338166555013358
2025-04-21,0x23e7a7f8d14b550961925fbfdaa92f5d195ba5bd,1,1,0.5620105406380018
2025-04-23,0x23e7a7f8d14b550961925fbfdaa92f5d195ba5bd,1,1,0.6940137892181925
2025-04-24,0x23e7a7f8d14b550961925fbfdaa92f5d195ba5bd,1,1,0.7086803238241992
2025-04-25,0x23e7a7f8d14b550961925fbfdaa92f5d195ba5bd,0,1,0.6780075756971428
2025-04-26,0x23e7a7f8d14b550961925fbfdaa92f5d195ba5bd,0,1,0.5254295632586071
2025-04-27,0x23e7a7f8d14b550961925fbfdaa92f5d195ba5bd,1,0,0.4913235904812416
2025-04-30,0x23e7a7f8d14b550961925fbfdaa92f5d195ba5bd,1,1,0.558645873390814
2025-04-09,0x271b280974205ca63b716753467d5a371de622ab,1,1,0.6522104755015189
2025-04-10,0x271b280974205ca63b716753467d5a371de622ab,1,1,0.6531600025245965
2025-04-19,0x271b280974205ca63b716753467d5a371de622ab,1,1,0.6025377910930237
2025-04-20,0x271b280974205ca63b716753467d5a371de622ab,1,1,0.6863240057871701
2025-04-21,0x271b280974205ca63b716753467d5a371de622ab,0,1,0.6567811311865474
2025-04-22,0x271b280974205ca63b716753467d5a371de622ab,0,1,0.6425468480606419
2025-04-23,0x271b280974205ca63b716753467d5a371de622ab,1,1,0.6398076662087355
2025-04-24,0x271b280974205ca63b716753467d5a371de622ab,0,1,0.5107714307424768
2025-03-27,0x28736f43f1e871e6aa8b1148d38d4994275d72c4,0,1,0.5494171597832276
2025-03-28,0x28736f43f1e871e6aa8b1148d38d4994275d72c4,1,1,0.6530137433439087
2025-03-29,0x28736f43f1e871e6aa8b1148d38d4994275d72c4,0,1,0.5263114855285225
2025-03-30,0x28736f43f1e871e6aa8b1148d38d4994275d72c4,1,1,0.6686116425179329
2025-03-31,0x28736f43f1e871e6aa8b1148d38d4994275d72c4,1,1,0.7127185161056674
2025-04-01,0x28736f43f1e871e6aa8b1148d38d4994275d72c4,1,1,0.7211949619328084
2025-04-02,0x28736f43f1e871e6aa8b1148d38d4994275d72c4,1,1,0.7616751956469296
2025-04-03,0x28736f43f1e871e6aa8b1148d38d4994275d72c4,1,1,0.7054734042497968
2025-04-04,0x28736f43f1e871e6aa8b1148d38d4994275d72c4,1,1,0.7063759924308948
2025-04-05,0x28736f43f1e871e6aa8b1148d38d4994275d72c4,0,1,0.7283657193410281
2025-04-06,0x28736f43f1e871e6aa8b1148d38d4994275d72c4,0,1,0.7468259762452951
2025-04-07,0x28736f43f1e871e6aa8b1148d38d4994275d72c4,1,1,0.6197466971848222
2025-04-08,0x28736f43f1e871e6aa8b1148d38d4994275d72c4,1,1,0.7301338092462847
2025-04-09,0x28736f43f1e871e6aa8b1148d38d4994275d72c4,1,1,0.7746148703480296
2025-04-10,0x28736f43f1e871e6aa8b1148d38d4994275d72c4,1,1,0.7402492407531969
2025-04-11,0x28736f43f1e871e6aa8b1148d38d4994275d72c4,1,1,0.6584740036508352
2025-04-12,0x28736f43f1e871e6aa8b1148d38d4994275d72c4,0,0,0.34321561394495154
2025-04-13,0x28736f43f1e871e6aa8b1148d38d4994275d72c4,1,1,0.675422909796725
2025-04-14,0x28736f43f1e871e6aa8b1148d38d4994275d72c4,0,1,0.6773215827352902
2025-04-15,0x28736f43f1e871e6aa8b1148d38d4994275d72c4,1,1,0.7426974804647167
2025-04-16,0x28736f43f1e871e6aa8b1148d38d4994275d72c4,0,1,0.5064794874331869
2025-04-17,0x28736f43f1e871e6aa8b1148d38d4994275d72c4,1,1,0.6536051267522994
2025-04-18,0x28736f43f1e871e6aa8b1148d38d4994275d72c4,1,1,0.6990553805692318
2025-04-19,0x28736f43f1e871e6aa8b1148d38d4994275d72c4,1,1,0.6392915064262543
2025-04-20,0x28736f43f1e871e6aa8b1148d38d4994275d72c4,1,0,0.3513081879088862
2025-04-21,0x28736f43f1e871e6aa8b1148d38d4994275d72c4,1,1,0.5943006091097323
2025-04-22,0x28736f43f1e871e6aa8b1148d38d4994275d72c4,1,0,0.3882773612612512
2025-04-23,0x28736f43f1e871e6aa8b1148d38d4994275d72c4,1,0,0.44656851462095304
2025-04-24,0x28736f43f1e871e6aa8b1148d38d4994275d72c4,1,0,0.2776652972188536
2025-04-27,0x28736f43f1e871e6aa8b1148d38d4994275d72c4,0,0,0.28857285905449465
2025-04-28,0x28736f43f1e871e6aa8b1148d38d4994275d72c4,1,1,0.5025940908084282
2025-04-01,0x2c229d22b100a7beb69122eed721cee9b24011dd,1,1,0.5191067650024713
2025-04-02,0x2c229d22b100a7beb69122eed721cee9b24011dd,1,1,0.6869844711431091
2025-04-03,0x2c229d22b100a7beb69122eed721cee9b24011dd,1,1,0.5237340914551463
2025-04-11,0x2c229d22b100a7beb69122eed721cee9b24011dd,1,1,0.6815454897974499
2025-04-14,0x2c229d22b100a7beb69122eed721cee9b24011dd,1,1,0.5847389121249698
2025-04-18,0x2c229d22b100a7beb69122eed721cee9b24011dd,1,1,0.5024699512998855
2025-04-23,0x2c229d22b100a7beb69122eed721cee9b24011dd,1,1,0.5329834364345811
2025-04-06,0x3998f134d6aaa2b6a5f723806d00fd2bbbbce891,1,0,0.3466142277076386
2025-04-07,0x3998f134d6aaa2b6a5f723806d00fd2bbbbce891,0,1,0.5256579341466083
2025-04-09,0x3998f134d6aaa2b6a5f723806d00fd2bbbbce891,1,0,0.2772439069322397
2025-04-12,0x3998f134d6aaa2b6a5f723806d00fd2bbbbce891,1,1,0.537466041981324
2025-04-13,0x3998f134d6aaa2b6a5f723806d00fd2bbbbce891,0,1,0.5003114373348562
2025-04-21,0x3998f134d6aaa2b6a5f723806d00fd2bbbbce891,0,1,0.6163648739653681
2025-04-22,0x3998f134d6aaa2b6a5f723806d00fd2bbbbce891,1,0,0.3002973591724031
2025-03-27,0x39cef799f8b69da1995852eea189df24eb5cae3c,0,1,0.6445654746939017
2025-04-03,0x39cef799f8b69da1995852eea189df24eb5cae3c,1,0,0.47892931786325776
2025-04-04,0x39cef799f8b69da1995852eea189df24eb5cae3c,1,0,0.4871959588387769
2025-04-06,0x39cef799f8b69da1995852eea189df24eb5cae3c,1,1,0.5792561722371762
2025-04-07,0x39cef799f8b69da1995852eea189df24eb5cae3c,1,1,0.655764533707543
2025-04-08,0x39cef799f8b69da1995852eea189df24eb5cae3c,0,0,0.466044410162174
2025-04-09,0x39cef799f8b69da1995852eea189df24eb5cae3c,0,1,0.6397790299494379
2025-04-10,0x39cef799f8b69da1995852eea189df24eb5cae3c,1,1,0.6563169182552463
2025-04-13,0x39cef799f8b69da1995852eea189df24eb5cae3c,1,1,0.6457203832938656
2025-04-04,0x3f9a0aadc7f04a7c9d75dc1b5a6ddd6e36486cf6,1,1,0.5094457711577292
2025-04-05,0x3f9a0aadc7f04a7c9d75dc1b5a6ddd6e36486cf6,0,0,0.4938147324965052
2025-04-06,0x3f9a0aadc7f04a7c9d75dc1b5a6ddd6e36486cf6,1,1,0.513287861863409
2025-04-09,0x3f9a0aadc7f04a7c9d75dc1b5a6ddd6e36486cf6,0,0,0.39382056871432086
2025-04-10,0x3f9a0aadc7f04a7c9d75dc1b5a6ddd6e36486cf6,1,0,0.48275675096693377
2025-04-12,0x3f9a0aadc7f04a7c9d75dc1b5a6ddd6e36486cf6,0,0,0.45990068325511635
2025-04-09,0x430f09841d65beb3f27765503d0f850b8bce7713,0,0,0.493889663578655
2025-04-16,0x430f09841d65beb3f27765503d0f850b8bce7713,0,0,0.4808554265900068
2025-04-18,0x430f09841d65beb3f27765503d0f850b8bce7713,0,0,0.39867289331874795
2025-04-26,0x430f09841d65beb3f27765503d0f850b8bce7713,0,0,0.37937763131173985
2025-03-30,0x47add9a56df66b524d5e2c1993a43cde53b6ed85,1,0,0.29224448565458855
2025-03-31,0x47add9a56df66b524d5e2c1993a43cde53b6ed85,0,1,0.5953451874613974
2025-04-01,0x47add9a56df66b524d5e2c1993a43cde53b6ed85,1,1,0.6392361296084574
2025-04-02,0x47add9a56df66b524d5e2c1993a43cde53b6ed85,1,1,0.6423852120473137
2025-04-03,0x47add9a56df66b524d5e2c1993a43cde53b6ed85,0,1,0.6143003449085144
2025-04-04,0x47add9a56df66b524d5e2c1993a43cde53b6ed85,0,0,0.34945113415941215
2025-04-05,0x47add9a56df66b524d5e2c1993a43cde53b6ed85,0,1,0.5463441822600095
2025-04-06,0x47add9a56df66b524d5e2c1993a43cde53b6ed85,0,1,0.5506437825089681
2025-04-07,0x47add9a56df66b524d5e2c1993a43cde53b6ed85,0,1,0.6568419601471512
2025-04-08,0x47add9a56df66b524d5e2c1993a43cde53b6ed85,0,1,0.5952399978753813
2025-04-09,0x47add9a56df66b524d5e2c1993a43cde53b6ed85,1,1,0.6394769064522626
2025-04-10,0x47add9a56df66b524d5e2c1993a43cde53b6ed85,1,1,0.6937843643978967
2025-04-11,0x47add9a56df66b524d5e2c1993a43cde53b6ed85,1,1,0.652541495468866
2025-04-12,0x47add9a56df66b524d5e2c1993a43cde53b6ed85,1,1,0.7030621666287596
2025-04-13,0x47add9a56df66b524d5e2c1993a43cde53b6ed85,1,1,0.6478447388167443
2025-04-14,0x47add9a56df66b524d5e2c1993a43cde53b6ed85,1,1,0.5988711743151804
2025-04-16,0x47add9a56df66b524d5e2c1993a43cde53b6ed85,1,1,0.5701190479381719
2025-04-17,0x47add9a56df66b524d5e2c1993a43cde53b6ed85,1,1,0.6137101206670813
2025-04-19,0x47add9a56df66b524d5e2c1993a43cde53b6ed85,1,0,0.32555420299308835
2025-04-20,0x47add9a56df66b524d5e2c1993a43cde53b6ed85,0,1,0.671783610040363
2025-04-21,0x47add9a56df66b524d5e2c1993a43cde53b6ed85,0,1,0.7071397535181789
2025-04-22,0x47add9a56df66b524d5e2c1993a43cde53b6ed85,1,1,0.6060600343182957
2025-04-23,0x47add9a56df66b524d5e2c1993a43cde53b6ed85,1,1,0.8229401538816421
2025-04-24,0x47add9a56df66b524d5e2c1993a43cde53b6ed85,0,1,0.7126795211852182
2025-04-25,0x47add9a56df66b524d5e2c1993a43cde53b6ed85,1,0,0.4354668344250873
2025-04-26,0x47add9a56df66b524d5e2c1993a43cde53b6ed85,1,1,0.714752067884469
2025-04-27,0x47add9a56df66b524d5e2c1993a43cde53b6ed85,1,1,0.6840419157967551
2025-04-28,0x47add9a56df66b524d5e2c1993a43cde53b6ed85,1,1,0.6894837159213401
2025-04-29,0x47add9a56df66b524d5e2c1993a43cde53b6ed85,1,1,0.6302651645141139
2025-03-29,0x4acb90e786d897ecffb614dc822eb231b4ffb9f4,1,1,0.5104804866082064
2025-03-30,0x4acb90e786d897ecffb614dc822eb231b4ffb9f4,1,0,0.433031096733122
2025-03-31,0x4acb90e786d897ecffb614dc822eb231b4ffb9f4,1,1,0.5005676650407991
2025-04-02,0x4acb90e786d897ecffb614dc822eb231b4ffb9f4,0,1,0.5865012058767417
2025-04-03,0x4acb90e786d897ecffb614dc822eb231b4ffb9f4,0,1,0.5224502818874189
2025-04-04,0x4acb90e786d897ecffb614dc822eb231b4ffb9f4,1,0,0.4452723344143411
2025-04-05,0x4acb90e786d897ecffb614dc822eb231b4ffb9f4,0,0,0.49138888844790024
2025-04-06,0x4acb90e786d897ecffb614dc822eb231b4ffb9f4,1,0,0.46420825193023385
2025-04-07,0x4acb90e786d897ecffb614dc822eb231b4ffb9f4,1,1,0.6334218008319397
2025-04-08,0x4acb90e786d897ecffb614dc822eb231b4ffb9f4,1,1,0.5100102437330192
2025-04-09,0x4acb90e786d897ecffb614dc822eb231b4ffb9f4,1,1,0.6369267942477606
2025-04-10,0x4acb90e786d897ecffb614dc822eb231b4ffb9f4,1,1,0.6302042764710951
2025-04-11,0x4acb90e786d897ecffb614dc822eb231b4ffb9f4,0,1,0.5364075240547769
2025-04-12,0x4acb90e786d897ecffb614dc822eb231b4ffb9f4,1,1,0.5568012296045284
2025-04-14,0x4acb90e786d897ecffb614dc822eb231b4ffb9f4,0,1,0.6183668855238206
2025-04-15,0x4acb90e786d897ecffb614dc822eb231b4ffb9f4,1,0,0.4769121002328927
2025-04-16,0x4acb90e786d897ecffb614dc822eb231b4ffb9f4,0,1,0.5788889236719851
2025-04-17,0x4acb90e786d897ecffb614dc822eb231b4ffb9f4,0,1,0.5161569696601026
2025-04-21,0x4acb90e786d897ecffb614dc822eb231b4ffb9f4,1,0,0.4729354075382037
2025-04-22,0x4acb90e786d897ecffb614dc822eb231b4ffb9f4,1,0,0.41308647200681525
2025-04-23,0x4acb90e786d897ecffb614dc822eb231b4ffb9f4,1,1,0.6060852499410607
2025-04-24,0x4acb90e786d897ecffb614dc822eb231b4ffb9f4,0,1,0.5516770955793046
2025-04-25,0x4acb90e786d897ecffb614dc822eb231b4ffb9f4,1,0,0.36612990249328137
2025-04-26,0x4acb90e786d897ecffb614dc822eb231b4ffb9f4,1,1,0.5119732551382781
2025-03-27,0x4f93fead39b70a1824f981a54d4e55b278e9f760,0,1,0.5425819339877282
2025-03-28,0x4f93fead39b70a1824f981a54d4e55b278e9f760,0,1,0.5271550226287353
2025-03-29,0x4f93fead39b70a1824f981a54d4e55b278e9f760,1,1,0.5522990562559332
2025-03-31,0x4f93fead39b70a1824f981a54d4e55b278e9f760,1,1,0.5619885732852506
2025-04-01,0x4f93fead39b70a1824f981a54d4e55b278e9f760,0,1,0.5084938830841316
2025-04-02,0x4f93fead39b70a1824f981a54d4e55b278e9f760,0,0,0.40258883028373554
2025-04-03,0x4f93fead39b70a1824f981a54d4e55b278e9f760,1,1,0.6092495116679316
2025-04-04,0x4f93fead39b70a1824f981a54d4e55b278e9f760,0,0,0.4811000424124866
2025-04-06,0x4f93fead39b70a1824f981a54d4e55b278e9f760,0,1,0.5271095331605931
2025-04-07,0x4f93fead39b70a1824f981a54d4e55b278e9f760,1,1,0.5605149926170306
2025-04-08,0x4f93fead39b70a1824f981a54d4e55b278e9f760,1,0,0.4790078568391843
2025-04-09,0x4f93fead39b70a1824f981a54d4e55b278e9f760,0,0,0.49607890258089876
2025-04-10,0x4f93fead39b70a1824f981a54d4e55b278e9f760,1,1,0.5114898693913673
2025-04-11,0x4f93fead39b70a1824f981a54d4e55b278e9f760,1,0,0.3637552869180623
2025-04-13,0x4f93fead39b70a1824f981a54d4e55b278e9f760,1,1,0.521522652668987
2025-04-14,0x4f93fead39b70a1824f981a54d4e55b278e9f760,0,1,0.5218160037336556
2025-04-16,0x4f93fead39b70a1824f981a54d4e55b278e9f760,1,0,0.4902141820760867
2025-04-17,0x4f93fead39b70a1824f981a54d4e55b278e9f760,0,0,0.412020351914844
2025-04-18,0x4f93fead39b70a1824f981a54d4e55b278e9f760,1,0,0.4418238912359421
2025-04-19,0x4f93fead39b70a1824f981a54d4e55b278e9f760,0,0,0.4674024237723771
2025-04-20,0x4f93fead39b70a1824f981a54d4e55b278e9f760,1,0,0.479063261062041
2025-04-21,0x4f93fead39b70a1824f981a54d4e55b278e9f760,0,0,0.46298405311710056
2025-04-24,0x4f93fead39b70a1824f981a54d4e55b278e9f760,0,0,0.43726701633585485
2025-04-25,0x4f93fead39b70a1824f981a54d4e55b278e9f760,1,0,0.432188376446426
2025-04-30,0x4f93fead39b70a1824f981a54d4e55b278e9f760,1,1,0.5529277159683517
2025-03-27,0x513b8629fe877bb581bf244e326a047b249c4ff1,1,0,0.426285530507166
2025-03-28,0x513b8629fe877bb581bf244e326a047b249c4ff1,0,1,0.5273453061507183
2025-04-01,0x513b8629fe877bb581bf244e326a047b249c4ff1,0,0,0.40649788114366997
2025-04-03,0x513b8629fe877bb581bf244e326a047b249c4ff1,0,0,0.4652802650625541
2025-04-05,0x513b8629fe877bb581bf244e326a047b249c4ff1,0,0,0.4362830250106283
2025-04-07,0x513b8629fe877bb581bf244e326a047b249c4ff1,1,1,0.5492513250613978
2025-04-08,0x513b8629fe877bb581bf244e326a047b249c4ff1,0,1,0.6195203518890763
2025-04-09,0x513b8629fe877bb581bf244e326a047b249c4ff1,1,1,0.526082610300998
2025-04-10,0x513b8629fe877bb581bf244e326a047b249c4ff1,0,1,0.663581714395224
2025-04-11,0x513b8629fe877bb581bf244e326a047b249c4ff1,1,1,0.5947456381523138
2025-04-12,0x513b8629fe877bb581bf244e326a047b249c4ff1,1,1,0.6558836479014823
2025-04-13,0x513b8629fe877bb581bf244e326a047b249c4ff1,1,1,0.65530308269825
2025-04-14,0x513b8629fe877bb581bf244e326a047b249c4ff1,1,1,0.679429117614609
2025-04-15,0x513b8629fe877bb581bf244e326a047b249c4ff1,1,1,0.6544394360022104
2025-04-16,0x513b8629fe877bb581bf244e326a047b249c4ff1,0,1,0.6607614167770823
2025-04-17,0x513b8629fe877bb581bf244e326a047b249c4ff1,1,1,0.58159842520264
2025-04-18,0x513b8629fe877bb581bf244e326a047b249c4ff1,1,1,0.6495433484941749
2025-04-19,0x513b8629fe877bb581bf244e326a047b249c4ff1,0,1,0.6732947467872431
2025-04-20,0x513b8629fe877bb581bf244e326a047b249c4ff1,1,1,0.6397557609367156
2025-04-21,0x513b8629fe877bb581bf244e326a047b249c4ff1,1,1,0.661244343637231
2025-04-22,0x513b8629fe877bb581bf244e326a047b249c4ff1,1,1,0.682018989071575
2025-04-23,0x513b8629fe877bb581bf244e326a047b249c4ff1,1,1,0.6546736588957313
2025-04-24,0x513b8629fe877bb581bf244e326a047b249c4ff1,1,1,0.6648323312060854
2025-04-25,0x513b8629fe877bb581bf244e326a047b249c4ff1,0,1,0.6785412982609875
2025-04-26,0x513b8629fe877bb581bf244e326a047b249c4ff1,1,1,0.566070459566347
2025-04-28,0x513b8629fe877bb581bf244e326a047b249c4ff1,1,1,0.6753371504077893
2025-04-29,0x513b8629fe877bb581bf244e326a047b249c4ff1,0,1,0.6461842012551372
2025-04-30,0x513b8629fe877bb581bf244e326a047b249c4ff1,1,1,0.5768799050612161
2025-03-27,0x6d6a4b953f202f8df5bed40692e7fd865318264a,0,1,0.6887608269336402
2025-03-28,0x6d6a4b953f202f8df5bed40692e7fd865318264a,0,1,0.5027632109987612
2025-03-29,0x6d6a4b953f202f8df5bed40692e7fd865318264a,1,0,0.4904479038639105
2025-03-30,0x6d6a4b953f202f8df5bed40692e7fd865318264a,0,1,0.6427019732602914
2025-03-31,0x6d6a4b953f202f8df5bed40692e7fd865318264a,1,0,0.3189041740597698
2025-04-01,0x6d6a4b953f202f8df5bed40692e7fd865318264a,1,1,0.573442207502572
2025-04-02,0x6d6a4b953f202f8df5bed40692e7fd865318264a,1,1,0.6184503237811932
2025-04-03,0x6d6a4b953f202f8df5bed40692e7fd865318264a,1,1,0.5976652658522089
2025-04-04,0x6d6a4b953f202f8df5bed40692e7fd865318264a,1,1,0.7012031750108026
2025-04-05,0x6d6a4b953f202f8df5bed40692e7fd865318264a,1,1,0.6098875101867609
2025-04-06,0x6d6a4b953f202f8df5bed40692e7fd865318264a,1,1,0.6024503090942334
2025-04-07,0x6d6a4b953f202f8df5bed40692e7fd865318264a,1,1,0.7114258631203475
2025-04-08,0x6d6a4b953f202f8df5bed40692e7fd865318264a,1,1,0.5825534389292741
2025-04-09,0x6d6a4b953f202f8df5bed40692e7fd865318264a,1,1,0.6673583677850075
2025-04-10,0x6d6a4b953f202f8df5bed40692e7fd865318264a,1,1,0.5773827353683868
2025-04-11,0x6d6a4b953f202f8df5bed40692e7fd865318264a,0,0,0.38819426593884887
2025-04-12,0x6d6a4b953f202f8df5bed40692e7fd865318264a,0,1,0.5149484058032153
2025-04-13,0x6d6a4b953f202f8df5bed40692e7fd865318264a,1,0,0.3280724409375656
2025-04-14,0x6d6a4b953f202f8df5bed40692e7fd865318264a,0,1,0.5399466371046585
2025-04-15,0x6d6a4b953f202f8df5bed40692e7fd865318264a,1,0,0.39599501393584613
2025-04-16,0x6d6a4b953f202f8df5bed40692e7fd865318264a,0,0,0.4314223372707175
2025-04-19,0x6d6a4b953f202f8df5bed40692e7fd865318264a,0,1,0.5130871548939278
2025-04-21,0x6d6a4b953f202f8df5bed40692e7fd865318264a,0,0,0.4461604651598183
2025-04-22,0x6d6a4b953f202f8df5bed40692e7fd865318264a,0,0,0.45687539158116663
2025-04-23,0x6d6a4b953f202f8df5bed40692e7fd865318264a,1,0,0.37371218329147654
2025-04-24,0x6d6a4b953f202f8df5bed40692e7fd865318264a,0,1,0.6848095721266076
2025-04-25,0x6d6a4b953f202f8df5bed40692e7fd865318264a,1,0,0.32051545776889895
2025-04-08,0x72743ae2822edd658c0c50608fd7c5c501b2afbd,1,1,0.5203526834802353
2025-04-09,0x72743ae2822edd658c0c50608fd7c5c501b2afbd,0,1,0.5943996363714998
2025-04-10,0x72743ae2822edd658c0c50608fd7c5c501b2afbd,0,0,0.42367723149881564
2025-04-11,0x72743ae2822edd658c0c50608fd7c5c501b2afbd,0,0,0.3411234792868164
2025-04-16,0x72743ae2822edd658c0c50608fd7c5c501b2afbd,0,0,0.4753221830835361
2025-04-18,0x72743ae2822edd658c0c50608fd7c5c501b2afbd,0,0,0.3914248019975556
2025-04-19,0x72743ae2822edd658c0c50608fd7c5c501b2afbd,0,0,0.4214596094466793
2025-04-20,0x72743ae2822edd658c0c50608fd7c5c501b2afbd,0,1,0.5406518008553323
2025-04-22,0x72743ae2822edd658c0c50608fd7c5c501b2afbd,1,0,0.415199422637838
2025-04-23,0x72743ae2822edd658c0c50608fd7c5c501b2afbd,0,1,0.7239120315951075
2025-04-24,0x72743ae2822edd658c0c50608fd7c5c501b2afbd,0,1,0.5035279305092729
2025-04-12,0x72c6a4624e1dffa724e6d00d64ceae698af892a0,0,0,0.4229878115470241
2025-04-13,0x72c6a4624e1dffa724e6d00d64ceae698af892a0,1,0,0.41960491043778547
2025-04-14,0x72c6a4624e1dffa724e6d00d64ceae698af892a0,1,0,0.4554387928686154
2025-04-15,0x72c6a4624e1dffa724e6d00d64ceae698af892a0,1,0,0.47010502040264485
2025-04-16,0x72c6a4624e1dffa724e6d00d64ceae698af892a0,1,1,0.5658310833570172
2025-04-20,0x72c6a4624e1dffa724e6d00d64ceae698af892a0,0,1,0.5129750587172783
2025-03-29,0x75f7eeb85dc639d5e99c78f95393aa9a5f1170d4,1,1,0.5505998012848639
2025-03-31,0x75f7eeb85dc639d5e99c78f95393aa9a5f1170d4,1,1,0.5762246671194812
2025-04-02,0x75f7eeb85dc639d5e99c78f95393aa9a5f1170d4,1,1,0.5891733348016481
2025-04-06,0x75f7eeb85dc639d5e99c78f95393aa9a5f1170d4,1,1,0.5183455326683507
2025-04-08,0x75f7eeb85dc639d5e99c78f95393aa9a5f1170d4,1,1,0.6101305237749749
2025-04-09,0x75f7eeb85dc639d5e99c78f95393aa9a5f1170d4,1,1,0.5025165589803042
2025-04-12,0x75f7eeb85dc639d5e99c78f95393aa9a5f1170d4,1,1,0.6666568440973296
2025-04-14,0x75f7eeb85dc639d5e99c78f95393aa9a5f1170d4,1,1,0.5566565344661626
2025-04-15,0x75f7eeb85dc639d5e99c78f95393aa9a5f1170d4,1,1,0.5928958309996301
2025-04-16,0x75f7eeb85dc639d5e99c78f95393aa9a5f1170d4,1,1,0.5790750773805327
2025-04-18,0x75f7eeb85dc639d5e99c78f95393aa9a5f1170d4,1,1,0.5102478239990537
2025-04-19,0x75f7eeb85dc639d5e99c78f95393aa9a5f1170d4,0,1,0.6790655227889139
2025-04-20,0x75f7eeb85dc639d5e99c78f95393aa9a5f1170d4,1,1,0.6570297226737832
2025-04-22,0x75f7eeb85dc639d5e99c78f95393aa9a5f1170d4,1,1,0.5157405094811114
2025-04-23,0x75f7eeb85dc639d5e99c78f95393aa9a5f1170d4,1,1,0.6995321320225582
2025-04-24,0x75f7eeb85dc639d5e99c78f95393aa9a5f1170d4,1,1,0.5614813868872931
2025-04-25,0x75f7eeb85dc639d5e99c78f95393aa9a5f1170d4,1,1,0.7238705228378285
2025-04-26,0x75f7eeb85dc639d5e99c78f95393aa9a5f1170d4,1,1,0.6806008125717624
2025-04-27,0x75f7eeb85dc639d5e99c78f95393aa9a5f1170d4,1,1,0.6988798135335874
2025-03-28,0x7f4f299f74eec87806a830e3caa9afa5f2b9db8f,1,0,0.4138957655209518
2025-04-08,0x7f4f299f74eec87806a830e3caa9afa5f2b9db8f,1,1,0.5567076863578098
2025-04-09,0x7f4f299f74eec87806a830e3caa9afa5f2b9db8f,0,1,0.6969710158871608
2025-04-10,0x7f4f299f74eec87806a830e3caa9afa5f2b9db8f,1,1,0.6286005261264568
2025-04-11,0x7f4f299f74eec87806a830e3caa9afa5f2b9db8f,1,1,0.6696648101356695
2025-04-12,0x7f4f299f74eec87806a830e3caa9afa5f2b9db8f,1,1,0.673353463386583
2025-04-13,0x7f4f299f74eec87806a830e3caa9afa5f2b9db8f,1,1,0.6647121833499261
2025-04-17,0x7f4f299f74eec87806a830e3caa9afa5f2b9db8f,1,1,0.5172118847680203
2025-03-27,0x8170715b3b381dffb7062c0298972d4727a0a63b,1,1,0.5636722774090702
2025-03-28,0x8170715b3b381dffb7062c0298972d4727a0a63b,1,1,0.54899405220845
2025-03-29,0x8170715b3b381dffb7062c0298972d4727a0a63b,1,1,0.5302343820837797
2025-03-30,0x8170715b3b381dffb7062c0298972d4727a0a63b,1,0,0.4496263214226948
2025-03-31,0x8170715b3b381dffb7062c0298972d4727a0a63b,1,0,0.4582016825081343
2025-04-01,0x8170715b3b381dffb7062c0298972d4727a0a63b,1,0,0.4467252527740059
2025-04-02,0x8170715b3b381dffb7062c0298972d4727a0a63b,0,1,0.5085439812550743
2025-04-03,0x8170715b3b381dffb7062c0298972d4727a0a63b,1,1,0.5027416936216563
2025-04-04,0x8170715b3b381dffb7062c0298972d4727a0a63b,1,1,0.5638347073666379
2025-04-06,0x8170715b3b381dffb7062c0298972d4727a0a63b,0,0,0.39692257501305667
2025-04-07,0x8170715b3b381dffb7062c0298972d4727a0a63b,0,0,0.40741451585363975
2025-04-08,0x8170715b3b381dffb7062c0298972d4727a0a63b,0,1,0.5050180380005007
2025-04-09,0x8170715b3b381dffb7062c0298972d4727a0a63b,1,0,0.46762353506863114
2025-04-10,0x8170715b3b381dffb7062c0298972d4727a0a63b,0,0,0.48781862493439115
2025-04-11,0x8170715b3b381dffb7062c0298972d4727a0a63b,0,0,0.4983895425663598
2025-04-12,0x8170715b3b381dffb7062c0298972d4727a0a63b,0,0,0.18558581481375924
2025-04-13,0x8170715b3b381dffb7062c0298972d4727a0a63b,1,0,0.2468167615003497
2025-04-15,0x8170715b3b381dffb7062c0298972d4727a0a63b,1,1,0.5818982463543931
2025-04-16,0x8170715b3b381dffb7062c0298972d4727a0a63b,0,1,0.5424391340279459
2025-04-17,0x8170715b3b381dffb7062c0298972d4727a0a63b,0,0,0.41980670881655735
2025-04-18,0x8170715b3b381dffb7062c0298972d4727a0a63b,0,0,0.3704536220119812
2025-04-19,0x8170715b3b381dffb7062c0298972d4727a0a63b,0,0,0.44563865736215014
2025-04-21,0x8170715b3b381dffb7062c0298972d4727a0a63b,0,0,0.20771271224756316
2025-04-22,0x8170715b3b381dffb7062c0298972d4727a0a63b,0,0,0.3608532842021522
2025-04-23,0x8170715b3b381dffb7062c0298972d4727a0a63b,1,1,0.6778697406527485
2025-04-24,0x8170715b3b381dffb7062c0298972d4727a0a63b,0,1,0.6667217701335592
2025-04-25,0x8170715b3b381dffb7062c0298972d4727a0a63b,0,1,0.6515319650607999
2025-04-26,0x8170715b3b381dffb7062c0298972d4727a0a63b,0,1,0.5105336943923444
2025-04-07,0x8381e6d82f1affd39a336e143e081ef7620a3b7f,1,0,0.48734347508967124
2025-04-08,0x8381e6d82f1affd39a336e143e081ef7620a3b7f,0,1,0.5321156470114028
2025-04-11,0x8381e6d82f1affd39a336e143e081ef7620a3b7f,1,0,0.4094741312372648
2025-04-12,0x8381e6d82f1affd39a336e143e081ef7620a3b7f,1,0,0.41222114419405204
2025-04-19,0x8381e6d82f1affd39a336e143e081ef7620a3b7f,1,1,0.6220699709708759
2025-04-22,0x8381e6d82f1affd39a336e143e081ef7620a3b7f,0,1,0.548534510061457
2025-04-23,0x8381e6d82f1affd39a336e143e081ef7620a3b7f,1,0,0.4538754507979019
2025-04-26,0x8381e6d82f1affd39a336e143e081ef7620a3b7f,1,0,0.33178228887443234
2025-04-27,0x8381e6d82f1affd39a336e143e081ef7620a3b7f,0,1,0.6137789961324629
2025-04-28,0x8381e6d82f1affd39a336e143e081ef7620a3b7f,1,0,0.47136230035401183
2025-03-27,0x8477e447846c758f5a675856001ea72298fd9cb5,1,1,0.6541554140149687
2025-03-28,0x8477e447846c758f5a675856001ea72298fd9cb5,1,1,0.5991533211507059
2025-03-29,0x8477e447846c758f5a675856001ea72298fd9cb5,1,1,0.6156630903837139
2025-03-30,0x8477e447846c758f5a675856001ea72298fd9cb5,1,1,0.5566833939563378
2025-03-31,0x8477e447846c758f5a675856001ea72298fd9cb5,0,1,0.6195660142395145
2025-04-03,0x8477e447846c758f5a675856001ea72298fd9cb5,1,0,0.41421590080346926
2025-04-04,0x8477e447846c758f5a675856001ea72298fd9cb5,0,1,0.7508985544120858
2025-04-05,0x8477e447846c758f5a675856001ea72298fd9cb5,1,0,0.31148552657072376
2025-04-06,0x8477e447846c758f5a675856001ea72298fd9cb5,1,1,0.6110726179032618
2025-04-07,0x8477e447846c758f5a675856001ea72298fd9cb5,1,1,0.7058344339614738
2025-04-08,0x8477e447846c758f5a675856001ea72298fd9cb5,1,1,0.6655957325204763
2025-04-09,0x8477e447846c758f5a675856001ea72298fd9cb5,0,1,0.7120016530469206
2025-04-10,0x8477e447846c758f5a675856001ea72298fd9cb5,1,1,0.7463360352703448
2025-04-11,0x8477e447846c758f5a675856001ea72298fd9cb5,0,1,0.6086707197955356
2025-04-12,0x8477e447846c758f5a675856001ea72298fd9cb5,1,0,0.2902328344105376
2025-04-13,0x8477e447846c758f5a675856001ea72298fd9cb5,1,1,0.7457246639296636
2025-04-14,0x8477e447846c758f5a675856001ea72298fd9cb5,1,1,0.5750709348044732
2025-04-15,0x8477e447846c758f5a675856001ea72298fd9cb5,1,1,0.7125792376124999
2025-04-16,0x8477e447846c758f5a675856001ea72298fd9cb5,0,1,0.5329653987131429
2025-04-18,0x8477e447846c758f5a675856001ea72298fd9cb5,0,0,0.35770796923101456
2025-04-19,0x8477e447846c758f5a675856001ea72298fd9cb5,1,0,0.3710275252132241
2025-04-20,0x8477e447846c758f5a675856001ea72298fd9cb5,1,1,0.7205900179695566
2025-04-21,0x8477e447846c758f5a675856001ea72298fd9cb5,0,1,0.7474981231824033
2025-04-22,0x8477e447846c758f5a675856001ea72298fd9cb5,0,1,0.7485903959113691
2025-04-23,0x8477e447846c758f5a675856001ea72298fd9cb5,1,1,0.7929643840236631
2025-04-24,0x8477e447846c758f5a675856001ea72298fd9cb5,1,1,0.7878677774787824
2025-04-25,0x8477e447846c758f5a675856001ea72298fd9cb5,1,1,0.5200699040615059
2025-04-26,0x8477e447846c758f5a675856001ea72298fd9cb5,1,1,0.7014698598930806
2025-04-27,0x8477e447846c758f5a675856001ea72298fd9cb5,0,1,0.6004619163799318
2025-04-28,0x8477e447846c758f5a675856001ea72298fd9cb5,0,1,0.6567898253020514
2025-04-29,0x8477e447846c758f5a675856001ea72298fd9cb5,0,1,0.7104424428436357
2025-04-30,0x8477e447846c758f5a675856001ea72298fd9cb5,0,1,0.7798078441459918
2025-04-07,0x92f17e8d81a944691c10e753af1b1baae1a2cd0d,0,1,0.5213194678420913
2025-04-14,0x92f17e8d81a944691c10e753af1b1baae1a2cd0d,0,1,0.5393629251751032
2025-04-16,0x92f17e8d81a944691c10e753af1b1baae1a2cd0d,1,1,0.5057299463435865
2025-04-15,0xa0feb3725a9335f49874d7cd8eaad6be45b27416,1,1,0.5815198546448291
2025-04-16,0xa0feb3725a9335f49874d7cd8eaad6be45b27416,1,1,0.734958684264787
2025-04-17,0xa0feb3725a9335f49874d7cd8eaad6be45b27416,1,1,0.6652999328762429
2025-04-23,0xa0feb3725a9335f49874d7cd8eaad6be45b27416,1,1,0.7853321265640129
2025-04-24,0xa0feb3725a9335f49874d7cd8eaad6be45b27416,1,1,0.7632259513122014
2025-04-25,0xa0feb3725a9335f49874d7cd8eaad6be45b27416,0,1,0.7305764849897125
2025-04-26,0xa0feb3725a9335f49874d7cd8eaad6be45b27416,1,0,0.39016598068272773
2025-04-27,0xa0feb3725a9335f49874d7cd8eaad6be45b27416,1,1,0.6931775351953477
2025-04-28,0xa0feb3725a9335f49874d7cd8eaad6be45b27416,1,1,0.7533831565758351
2025-04-29,0xa0feb3725a9335f49874d7cd8eaad6be45b27416,1,1,0.7647568046083483
2025-04-30,0xa0feb3725a9335f49874d7cd8eaad6be45b27416,1,1,0.803791291076985
2025-04-08,0xa520ded057a32086c40e7dd6ed4eb8efb82c00e0,0,0,0.21184276886138387
2025-04-10,0xa520ded057a32086c40e7dd6ed4eb8efb82c00e0,0,0,0.33104470810286685
2025-04-08,0xae5eacaf9c6b9111fd53034a602c192a04e082ed,1,0,0.4050850615008589
2025-04-09,0xae5eacaf9c6b9111fd53034a602c192a04e082ed,1,1,0.5591221751378435
2025-04-10,0xae5eacaf9c6b9111fd53034a602c192a04e082ed,1,0,0.446938120512909
2025-04-12,0xae5eacaf9c6b9111fd53034a602c192a04e082ed,0,1,0.6442279042650654
2025-04-21,0xae5eacaf9c6b9111fd53034a602c192a04e082ed,1,0,0.34817883224602847
2025-04-23,0xae5eacaf9c6b9111fd53034a602c192a04e082ed,1,1,0.5032618508621592
2025-04-24,0xae5eacaf9c6b9111fd53034a602c192a04e082ed,1,1,0.6720651676561115
2025-03-27,0xaf40fdc468c30116bd3307bcbf4a451a7ebf1deb,1,1,0.526789803145245
2025-03-28,0xaf40fdc468c30116bd3307bcbf4a451a7ebf1deb,1,1,0.5502844770589062
2025-04-03,0xaf40fdc468c30116bd3307bcbf4a451a7ebf1deb,1,1,0.5581411964793428
2025-04-05,0xaf40fdc468c30116bd3307bcbf4a451a7ebf1deb,0,1,0.5278994932434472
2025-04-07,0xaf40fdc468c30116bd3307bcbf4a451a7ebf1deb,1,0,0.47610922943123346
2025-04-11,0xaf40fdc468c30116bd3307bcbf4a451a7ebf1deb,0,0,0.41595571117813923
2025-04-03,0xb1231a4a2dd02f2276fa3c5e2a2f3436e6bfed23,1,0,0.42076807575583236
2025-04-04,0xb1231a4a2dd02f2276fa3c5e2a2f3436e6bfed23,1,1,0.718887674949078
2025-04-07,0xb1231a4a2dd02f2276fa3c5e2a2f3436e6bfed23,0,1,0.6837854181003037
2025-04-11,0xb1231a4a2dd02f2276fa3c5e2a2f3436e6bfed23,0,0,0.31536907233388634
2025-04-12,0xb1231a4a2dd02f2276fa3c5e2a2f3436e6bfed23,0,0,0.314892474700815
2025-04-13,0xb1231a4a2dd02f2276fa3c5e2a2f3436e6bfed23,0,0,0.2780622447257262
2025-04-15,0xb1231a4a2dd02f2276fa3c5e2a2f3436e6bfed23,0,0,0.37743453912029146
2025-04-17,0xb1231a4a2dd02f2276fa3c5e2a2f3436e6bfed23,0,0,0.46840420875829153
2025-04-18,0xb1231a4a2dd02f2276fa3c5e2a2f3436e6bfed23,0,0,0.38302902907628533
2025-04-19,0xb1231a4a2dd02f2276fa3c5e2a2f3436e6bfed23,0,0,0.462253346525525
2025-04-20,0xb1231a4a2dd02f2276fa3c5e2a2f3436e6bfed23,0,0,0.39532667556345025
2025-04-22,0xb1231a4a2dd02f2276fa3c5e2a2f3436e6bfed23,0,0,0.4327601907444319
2025-04-23,0xb1231a4a2dd02f2276fa3c5e2a2f3436e6bfed23,1,0,0.2710846362286553
2025-03-30,0xb899e522b5715391ae1d4f137653e7906c5e2115,1,1,0.6352051447200082
2025-04-03,0xb899e522b5715391ae1d4f137653e7906c5e2115,0,1,0.5596676719421518
2025-04-04,0xb899e522b5715391ae1d4f137653e7906c5e2115,1,0,0.48782883132328597
2025-04-05,0xb899e522b5715391ae1d4f137653e7906c5e2115,1,0,0.45085025339682544
2025-04-06,0xb899e522b5715391ae1d4f137653e7906c5e2115,1,1,0.5111917317787282
2025-04-07,0xb899e522b5715391ae1d4f137653e7906c5e2115,1,1,0.67529013563937
2025-04-08,0xb899e522b5715391ae1d4f137653e7906c5e2115,1,1,0.6661893400958776
2025-04-09,0xb899e522b5715391ae1d4f137653e7906c5e2115,0,1,0.692518179866711
2025-04-10,0xb899e522b5715391ae1d4f137653e7906c5e2115,0,1,0.6597126080154192
2025-04-11,0xb899e522b5715391ae1d4f137653e7906c5e2115,1,1,0.6640607797503638
2025-04-12,0xb899e522b5715391ae1d4f137653e7906c5e2115,1,1,0.544629145141122
2025-04-13,0xb899e522b5715391ae1d4f137653e7906c5e2115,1,0,0.4404420604297389
2025-03-27,0xbaaaf6571ab7d571043ff1e313a9609a10637864,0,1,0.5792575782904309
2025-03-28,0xbaaaf6571ab7d571043ff1e313a9609a10637864,1,0,0.42169976589056835
2025-03-29,0xbaaaf6571ab7d571043ff1e313a9609a10637864,0,1,0.7094057088826742
2025-03-30,0xbaaaf6571ab7d571043ff1e313a9609a10637864,0,0,0.4833802706986713
2025-03-31,0xbaaaf6571ab7d571043ff1e313a9609a10637864,1,0,0.40763543795233487
2025-04-02,0xbaaaf6571ab7d571043ff1e313a9609a10637864,1,0,0.490345098673854
2025-04-03,0xbaaaf6571ab7d571043ff1e313a9609a10637864,1,1,0.7019351816180937
2025-04-04,0xbaaaf6571ab7d571043ff1e313a9609a10637864,1,1,0.662973514234854
2025-04-06,0xbaaaf6571ab7d571043ff1e313a9609a10637864,1,1,0.7093081475371475
2025-04-07,0xbaaaf6571ab7d571043ff1e313a9609a10637864,1,1,0.6230586393708893
2025-04-30,0xbaaaf6571ab7d571043ff1e313a9609a10637864,1,0,0.2822098091832984
2025-03-27,0xbd5fead7180a9c139fa51a103cb6a2ce86ddb5c3,0,1,0.5057898895605377
2025-03-31,0xbd5fead7180a9c139fa51a103cb6a2ce86ddb5c3,0,0,0.4911854996818563
2025-04-01,0xbd5fead7180a9c139fa51a103cb6a2ce86ddb5c3,1,1,0.5084024115510059
2025-04-02,0xbd5fead7180a9c139fa51a103cb6a2ce86ddb5c3,0,0,0.40534500078804464
2025-04-03,0xbd5fead7180a9c139fa51a103cb6a2ce86ddb5c3,0,0,0.4891750998513011
2025-04-04,0xbd5fead7180a9c139fa51a103cb6a2ce86ddb5c3,1,1,0.5279427963670199
2025-04-07,0xbd5fead7180a9c139fa51a103cb6a2ce86ddb5c3,0,1,0.567170273528181
2025-04-09,0xbd5fead7180a9c139fa51a103cb6a2ce86ddb5c3,1,0,0.4602839310329631
2025-04-10,0xbd5fead7180a9c139fa51a103cb6a2ce86ddb5c3,0,1,0.5785436152477252
2025-04-12,0xbd5fead7180a9c139fa51a103cb6a2ce86ddb5c3,1,1,0.516565471268563
2025-04-13,0xbd5fead7180a9c139fa51a103cb6a2ce86ddb5c3,0,0,0.4207247341168878
2025-04-14,0xbd5fead7180a9c139fa51a103cb6a2ce86ddb5c3,1,1,0.5032110069668417
2025-04-15,0xbd5fead7180a9c139fa51a103cb6a2ce86ddb5c3,1,0,0.4230704128562111
2025-04-16,0xbd5fead7180a9c139fa51a103cb6a2ce86ddb5c3,0,0,0.41640579958915763
2025-04-17,0xbd5fead7180a9c139fa51a103cb6a2ce86ddb5c3,0,0,0.19101360937287062
2025-04-19,0xbd5fead7180a9c139fa51a103cb6a2ce86ddb5c3,0,0,0.39736254987753944
2025-04-23,0xbd5fead7180a9c139fa51a103cb6a2ce86ddb5c3,0,1,0.5664352392998682
2025-03-27,0xbee1707d6b44d4d52bfe19e41f8a828645437aab,1,1,0.7363445850313747
2025-03-28,0xbee1707d6b44d4d52bfe19e41f8a828645437aab,0,1,0.7327639722895944
2025-03-29,0xbee1707d6b44d4d52bfe19e41f8a828645437aab,1,1,0.7101975096268576
2025-03-30,0xbee1707d6b44d4d52bfe19e41f8a828645437aab,1,1,0.6447019577499097
2025-03-31,0xbee1707d6b44d4d52bfe19e41f8a828645437aab,1,1,0.6637908559335777
2025-04-01,0xbee1707d6b44d4d52bfe19e41f8a828645437aab,1,1,0.6057177429768562
2025-04-02,0xbee1707d6b44d4d52bfe19e41f8a828645437aab,0,1,0.7173507250310752
2025-04-03,0xbee1707d6b44d4d52bfe19e41f8a828645437aab,0,1,0.680336717669995
2025-04-04,0xbee1707d6b44d4d52bfe19e41f8a828645437aab,1,1,0.691508099912254
2025-04-05,0xbee1707d6b44d4d52bfe19e41f8a828645437aab,1,1,0.6955728903729643
2025-04-06,0xbee1707d6b44d4d52bfe19e41f8a828645437aab,0,1,0.6719146188751385
2025-04-07,0xbee1707d6b44d4d52bfe19e41f8a828645437aab,1,1,0.6902613128940094
2025-04-08,0xbee1707d6b44d4d52bfe19e41f8a828645437aab,1,1,0.6500574506531069
2025-04-09,0xbee1707d6b44d4d52bfe19e41f8a828645437aab,1,1,0.6836464523347313
2025-04-10,0xbee1707d6b44d4d52bfe19e41f8a828645437aab,1,1,0.6731979832984543
2025-04-11,0xbee1707d6b44d4d52bfe19e41f8a828645437aab,1,1,0.7259657592889432
2025-04-12,0xbee1707d6b44d4d52bfe19e41f8a828645437aab,1,1,0.722979852166428
2025-04-13,0xbee1707d6b44d4d52bfe19e41f8a828645437aab,1,1,0.6750845842662864
2025-04-14,0xbee1707d6b44d4d52bfe19e41f8a828645437aab,1,1,0.7064179271572811
2025-04-15,0xbee1707d6b44d4d52bfe19e41f8a828645437aab,1,1,0.5602939031863116
2025-04-16,0xbee1707d6b44d4d52bfe19e41f8a828645437aab,1,1,0.7266399388962362
2025-04-17,0xbee1707d6b44d4d52bfe19e41f8a828645437aab,1,1,0.6917621811265039
2025-04-18,0xbee1707d6b44d4d52bfe19e41f8a828645437aab,1,1,0.7203869518347576
2025-04-19,0xbee1707d6b44d4d52bfe19e41f8a828645437aab,1,1,0.6883905490750244
2025-04-20,0xbee1707d6b44d4d52bfe19e41f8a828645437aab,1,1,0.6778734863317654
2025-04-21,0xbee1707d6b44d4d52bfe19e41f8a828645437aab,1,1,0.6443497917671448
2025-04-22,0xbee1707d6b44d4d52bfe19e41f8a828645437aab,1,1,0.7086866745206799
2025-04-23,0xbee1707d6b44d4d52bfe19e41f8a828645437aab,0,1,0.7485342176589846
2025-04-24,0xbee1707d6b44d4d52bfe19e41f8a828645437aab,1,0,0.35595635535927095
2025-04-25,0xbee1707d6b44d4d52bfe19e41f8a828645437aab,1,1,0.7669553293796507
2025-04-26,0xbee1707d6b44d4d52bfe19e41f8a828645437aab,1,1,0.5286468661013417
2025-04-27,0xbee1707d6b44d4d52bfe19e41f8a828645437aab,1,1,0.6890474676910343
2025-04-28,0xbee1707d6b44d4d52bfe19e41f8a828645437aab,1,1,0.7514604809005451
2025-04-29,0xbee1707d6b44d4d52bfe19e41f8a828645437aab,1,1,0.6854878451490543
2025-04-30,0xbee1707d6b44d4d52bfe19e41f8a828645437aab,1,1,0.6904280362956375
