Date,Account,Actual,Predicted
2025-03-28,0x23e7a7f8d14b550961925fbfdaa92f5d195ba5bd,High,High
2025-03-29,0x23e7a7f8d14b550961925fbfdaa92f5d195ba5bd,Medium,Medium
2025-03-31,0x23e7a7f8d14b550961925fbfdaa92f5d195ba5bd,Low,Medium
2025-04-03,0x23e7a7f8d14b550961925fbfdaa92f5d195ba5bd,Low,High
2025-04-15,0x23e7a7f8d14b550961925fbfdaa92f5d195ba5bd,Low,Low
2025-04-16,0x23e7a7f8d14b550961925fbfdaa92f5d195ba5bd,Low,Medium
2025-04-17,0x23e7a7f8d14b550961925fbfdaa92f5d195ba5bd,Low,Medium
2025-04-18,0x23e7a7f8d14b550961925fbfdaa92f5d195ba5bd,Low,Medium
2025-04-19,0x23e7a7f8d14b550961925fbfdaa92f5d195ba5bd,Medium,Medium
2025-04-20,0x23e7a7f8d14b550961925fbfdaa92f5d195ba5bd,Medium,Medium
2025-04-21,0x23e7a7f8d14b550961925fbfdaa92f5d195ba5bd,Medium,Medium
2025-04-23,0x23e7a7f8d14b550961925fbfdaa92f5d195ba5bd,Medium,Medium
2025-04-24,0x23e7a7f8d14b550961925fbfdaa92f5d195ba5bd,Medium,Medium
2025-04-25,0x23e7a7f8d14b550961925fbfdaa92f5d195ba5bd,Medium,Medium
2025-04-26,0x23e7a7f8d14b550961925fbfdaa92f5d195ba5bd,Low,Medium
2025-04-27,0x23e7a7f8d14b550961925fbfdaa92f5d195ba5bd,High,High
2025-04-30,0x23e7a7f8d14b550961925fbfdaa92f5d195ba5bd,Medium,Low
2025-04-09,0x271b280974205ca63b716753467d5a371de622ab,High,High
2025-04-10,0x271b280974205ca63b716753467d5a371de622ab,High,High
2025-04-19,0x271b280974205ca63b716753467d5a371de622ab,Medium,High
2025-04-20,0x271b280974205ca63b716753467d5a371de622ab,Medium,Medium
2025-04-21,0x271b280974205ca63b716753467d5a371de622ab,High,Medium
2025-04-22,0x271b280974205ca63b716753467d5a371de622ab,High,High
2025-04-23,0x271b280974205ca63b716753467d5a371de622ab,High,High
2025-04-24,0x271b280974205ca63b716753467d5a371de622ab,Low,High
2025-03-27,0x28736f43f1e871e6aa8b1148d38d4994275d72c4,Low,Medium
2025-03-28,0x28736f43f1e871e6aa8b1148d38d4994275d72c4,Medium,Medium
2025-03-29,0x28736f43f1e871e6aa8b1148d38d4994275d72c4,Medium,Medium
2025-03-30,0x28736f43f1e871e6aa8b1148d38d4994275d72c4,Low,Medium
2025-03-31,0x28736f43f1e871e6aa8b1148d38d4994275d72c4,Medium,Medium
2025-04-01,0x28736f43f1e871e6aa8b1148d38d4994275d72c4,Medium,Medium
2025-04-02,0x28736f43f1e871e6aa8b1148d38d4994275d72c4,Medium,Medium
2025-04-03,0x28736f43f1e871e6aa8b1148d38d4994275d72c4,Medium,Medium
2025-04-04,0x28736f43f1e871e6aa8b1148d38d4994275d72c4,Medium,Medium
2025-04-05,0x28736f43f1e871e6aa8b1148d38d4994275d72c4,High,Medium
2025-04-06,0x28736f43f1e871e6aa8b1148d38d4994275d72c4,High,Medium
2025-04-07,0x28736f43f1e871e6aa8b1148d38d4994275d72c4,Medium,Medium
2025-04-08,0x28736f43f1e871e6aa8b1148d38d4994275d72c4,Medium,Medium
2025-04-09,0x28736f43f1e871e6aa8b1148d38d4994275d72c4,Medium,Medium
2025-04-10,0x28736f43f1e871e6aa8b1148d38d4994275d72c4,Medium,Medium
2025-04-11,0x28736f43f1e871e6aa8b1148d38d4994275d72c4,Low,Medium
2025-04-12,0x28736f43f1e871e6aa8b1148d38d4994275d72c4,High,Medium
2025-04-13,0x28736f43f1e871e6aa8b1148d38d4994275d72c4,Low,Medium
2025-04-14,0x28736f43f1e871e6aa8b1148d38d4994275d72c4,Medium,Medium
2025-04-15,0x28736f43f1e871e6aa8b1148d38d4994275d72c4,Low,Medium
2025-04-16,0x28736f43f1e871e6aa8b1148d38d4994275d72c4,Low,Medium
2025-04-17,0x28736f43f1e871e6aa8b1148d38d4994275d72c4,Low,Medium
2025-04-18,0x28736f43f1e871e6aa8b1148d38d4994275d72c4,Medium,Medium
2025-04-19,0x28736f43f1e871e6aa8b1148d38d4994275d72c4,Low,Medium
2025-04-20,0x28736f43f1e871e6aa8b1148d38d4994275d72c4,Medium,Medium
2025-04-21,0x28736f43f1e871e6aa8b1148d38d4994275d72c4,Low,Medium
2025-04-22,0x28736f43f1e871e6aa8b1148d38d4994275d72c4,Medium,Low
2025-04-23,0x28736f43f1e871e6aa8b1148d38d4994275d72c4,Low,Low
2025-04-24,0x28736f43f1e871e6aa8b1148d38d4994275d72c4,Low,Low
2025-04-27,0x28736f43f1e871e6aa8b1148d38d4994275d72c4,Low,Low
2025-04-28,0x28736f43f1e871e6aa8b1148d38d4994275d72c4,Low,Low
2025-04-01,0x2c229d22b100a7beb69122eed721cee9b24011dd,Low,Medium
2025-04-02,0x2c229d22b100a7beb69122eed721cee9b24011dd,Medium,Medium
2025-04-03,0x2c229d22b100a7beb69122eed721cee9b24011dd,Medium,Low
2025-04-11,0x2c229d22b100a7beb69122eed721cee9b24011dd,Low,Medium
2025-04-14,0x2c229d22b100a7beb69122eed721cee9b24011dd,Low,Medium
2025-04-18,0x2c229d22b100a7beb69122eed721cee9b24011dd,Medium,Low
2025-04-23,0x2c229d22b100a7beb69122eed721cee9b24011dd,Low,Medium
2025-04-06,0x3998f134d6aaa2b6a5f723806d00fd2bbbbce891,High,Low
2025-04-07,0x3998f134d6aaa2b6a5f723806d00fd2bbbbce891,Low,Low
2025-04-09,0x3998f134d6aaa2b6a5f723806d00fd2bbbbce891,High,Low
2025-04-12,0x3998f134d6aaa2b6a5f723806d00fd2bbbbce891,High,High
2025-04-13,0x3998f134d6aaa2b6a5f723806d00fd2bbbbce891,High,High
2025-04-21,0x3998f134d6aaa2b6a5f723806d00fd2bbbbce891,Low,High
2025-04-22,0x3998f134d6aaa2b6a5f723806d00fd2bbbbce891,Low,Low
2025-03-27,0x39cef799f8b69da1995852eea189df24eb5cae3c,Low,High
2025-04-03,0x39cef799f8b69da1995852eea189df24eb5cae3c,Medium,High
2025-04-04,0x39cef799f8b69da1995852eea189df24eb5cae3c,High,High
2025-04-06,0x39cef799f8b69da1995852eea189df24eb5cae3c,High,High
2025-04-07,0x39cef799f8b69da1995852eea189df24eb5cae3c,High,High
2025-04-08,0x39cef799f8b69da1995852eea189df24eb5cae3c,High,High
2025-04-09,0x39cef799f8b69da1995852eea189df24eb5cae3c,High,High
2025-04-10,0x39cef799f8b69da1995852eea189df24eb5cae3c,High,High
2025-04-13,0x39cef799f8b69da1995852eea189df24eb5cae3c,Low,High
2025-04-04,0x3f9a0aadc7f04a7c9d75dc1b5a6ddd6e36486cf6,Medium,High
2025-04-05,0x3f9a0aadc7f04a7c9d75dc1b5a6ddd6e36486cf6,Low,Low
2025-04-06,0x3f9a0aadc7f04a7c9d75dc1b5a6ddd6e36486cf6,Medium,High
2025-04-09,0x3f9a0aadc7f04a7c9d75dc1b5a6ddd6e36486cf6,Low,Low
2025-04-10,0x3f9a0aadc7f04a7c9d75dc1b5a6ddd6e36486cf6,High,High
2025-04-12,0x3f9a0aadc7f04a7c9d75dc1b5a6ddd6e36486cf6,Low,Low
2025-04-09,0x430f09841d65beb3f27765503d0f850b8bce7713,Low,High
2025-04-16,0x430f09841d65beb3f27765503d0f850b8bce7713,Low,Low
2025-04-18,0x430f09841d65beb3f27765503d0f850b8bce7713,Low,Low
2025-04-26,0x430f09841d65beb3f27765503d0f850b8bce7713,Low,Low
2025-03-30,0x47add9a56df66b524d5e2c1993a43cde53b6ed85,High,Low
2025-03-31,0x47add9a56df66b524d5e2c1993a43cde53b6ed85,High,Medium
2025-04-01,0x47add9a56df66b524d5e2c1993a43cde53b6ed85,Medium,Medium
2025-04-02,0x47add9a56df66b524d5e2c1993a43cde53b6ed85,Low,Medium
2025-04-03,0x47add9a56df66b524d5e2c1993a43cde53b6ed85,Low,Medium
2025-04-04,0x47add9a56df66b524d5e2c1993a43cde53b6ed85,Medium,Low
2025-04-05,0x47add9a56df66b524d5e2c1993a43cde53b6ed85,High,Medium
2025-04-06,0x47add9a56df66b524d5e2c1993a43cde53b6ed85,High,Medium
2025-04-07,0x47add9a56df66b524d5e2c1993a43cde53b6ed85,High,Medium
2025-04-08,0x47add9a56df66b524d5e2c1993a43cde53b6ed85,High,Medium
2025-04-09,0x47add9a56df66b524d5e2c1993a43cde53b6ed85,Medium,Medium
2025-04-10,0x47add9a56df66b524d5e2c1993a43cde53b6ed85,Medium,Medium
2025-04-11,0x47add9a56df66b524d5e2c1993a43cde53b6ed85,High,Medium
2025-04-12,0x47add9a56df66b524d5e2c1993a43cde53b6ed85,Medium,Medium
2025-04-13,0x47add9a56df66b524d5e2c1993a43cde53b6ed85,Medium,Medium
2025-04-14,0x47add9a56df66b524d5e2c1993a43cde53b6ed85,Low,Medium
2025-04-16,0x47add9a56df66b524d5e2c1993a43cde53b6ed85,Medium,Medium
2025-04-17,0x47add9a56df66b524d5e2c1993a43cde53b6ed85,Medium,Medium
2025-04-19,0x47add9a56df66b524d5e2c1993a43cde53b6ed85,Medium,Medium
2025-04-20,0x47add9a56df66b524d5e2c1993a43cde53b6ed85,Low,Medium
2025-04-21,0x47add9a56df66b524d5e2c1993a43cde53b6ed85,Medium,Medium
2025-04-22,0x47add9a56df66b524d5e2c1993a43cde53b6ed85,Medium,Medium
2025-04-23,0x47add9a56df66b524d5e2c1993a43cde53b6ed85,Medium,Medium
2025-04-24,0x47add9a56df66b524d5e2c1993a43cde53b6ed85,Low,Medium
2025-04-25,0x47add9a56df66b524d5e2c1993a43cde53b6ed85,Medium,Low
2025-04-26,0x47add9a56df66b524d5e2c1993a43cde53b6ed85,Medium,Medium
2025-04-27,0x47add9a56df66b524d5e2c1993a43cde53b6ed85,Medium,Medium
2025-04-28,0x47add9a56df66b524d5e2c1993a43cde53b6ed85,Medium,Medium
2025-04-29,0x47add9a56df66b524d5e2c1993a43cde53b6ed85,Medium,Medium
2025-03-29,0x4acb90e786d897ecffb614dc822eb231b4ffb9f4,High,High
2025-03-30,0x4acb90e786d897ecffb614dc822eb231b4ffb9f4,High,Low
2025-03-31,0x4acb90e786d897ecffb614dc822eb231b4ffb9f4,High,High
2025-04-02,0x4acb90e786d897ecffb614dc822eb231b4ffb9f4,Low,High
2025-04-03,0x4acb90e786d897ecffb614dc822eb231b4ffb9f4,Low,High
2025-04-04,0x4acb90e786d897ecffb614dc822eb231b4ffb9f4,High,High
2025-04-05,0x4acb90e786d897ecffb614dc822eb231b4ffb9f4,Low,High
2025-04-06,0x4acb90e786d897ecffb614dc822eb231b4ffb9f4,High,High
2025-04-07,0x4acb90e786d897ecffb614dc822eb231b4ffb9f4,High,High
2025-04-08,0x4acb90e786d897ecffb614dc822eb231b4ffb9f4,High,High
2025-04-09,0x4acb90e786d897ecffb614dc822eb231b4ffb9f4,High,High
2025-04-10,0x4acb90e786d897ecffb614dc822eb231b4ffb9f4,High,High
2025-04-11,0x4acb90e786d897ecffb614dc822eb231b4ffb9f4,Low,High
2025-04-12,0x4acb90e786d897ecffb614dc822eb231b4ffb9f4,High,High
2025-04-14,0x4acb90e786d897ecffb614dc822eb231b4ffb9f4,Low,High
2025-04-15,0x4acb90e786d897ecffb614dc822eb231b4ffb9f4,Low,High
2025-04-16,0x4acb90e786d897ecffb614dc822eb231b4ffb9f4,Medium,High
2025-04-17,0x4acb90e786d897ecffb614dc822eb231b4ffb9f4,Medium,High
2025-04-21,0x4acb90e786d897ecffb614dc822eb231b4ffb9f4,Medium,High
2025-04-22,0x4acb90e786d897ecffb614dc822eb231b4ffb9f4,High,Low
2025-04-23,0x4acb90e786d897ecffb614dc822eb231b4ffb9f4,Medium,High
2025-04-24,0x4acb90e786d897ecffb614dc822eb231b4ffb9f4,Low,High
2025-04-25,0x4acb90e786d897ecffb614dc822eb231b4ffb9f4,Low,Low
2025-04-26,0x4acb90e786d897ecffb614dc822eb231b4ffb9f4,High,High
2025-03-27,0x4f93fead39b70a1824f981a54d4e55b278e9f760,Low,High
2025-03-28,0x4f93fead39b70a1824f981a54d4e55b278e9f760,Low,High
2025-03-29,0x4f93fead39b70a1824f981a54d4e55b278e9f760,High,High
2025-03-31,0x4f93fead39b70a1824f981a54d4e55b278e9f760,High,High
2025-04-01,0x4f93fead39b70a1824f981a54d4e55b278e9f760,Low,High
2025-04-02,0x4f93fead39b70a1824f981a54d4e55b278e9f760,Low,High
2025-04-03,0x4f93fead39b70a1824f981a54d4e55b278e9f760,High,High
2025-04-04,0x4f93fead39b70a1824f981a54d4e55b278e9f760,Low,High
2025-04-06,0x4f93fead39b70a1824f981a54d4e55b278e9f760,Low,High
2025-04-07,0x4f93fead39b70a1824f981a54d4e55b278e9f760,High,High
2025-04-08,0x4f93fead39b70a1824f981a54d4e55b278e9f760,High,High
2025-04-09,0x4f93fead39b70a1824f981a54d4e55b278e9f760,Low,High
2025-04-10,0x4f93fead39b70a1824f981a54d4e55b278e9f760,High,High
2025-04-11,0x4f93fead39b70a1824f981a54d4e55b278e9f760,Medium,Low
2025-04-13,0x4f93fead39b70a1824f981a54d4e55b278e9f760,Medium,High
2025-04-14,0x4f93fead39b70a1824f981a54d4e55b278e9f760,Low,High
2025-04-16,0x4f93fead39b70a1824f981a54d4e55b278e9f760,High,High
2025-04-17,0x4f93fead39b70a1824f981a54d4e55b278e9f760,Low,High
2025-04-18,0x4f93fead39b70a1824f981a54d4e55b278e9f760,High,High
2025-04-19,0x4f93fead39b70a1824f981a54d4e55b278e9f760,Low,High
2025-04-20,0x4f93fead39b70a1824f981a54d4e55b278e9f760,High,High
2025-04-21,0x4f93fead39b70a1824f981a54d4e55b278e9f760,Low,Low
2025-04-24,0x4f93fead39b70a1824f981a54d4e55b278e9f760,Low,Low
2025-04-25,0x4f93fead39b70a1824f981a54d4e55b278e9f760,High,High
2025-04-30,0x4f93fead39b70a1824f981a54d4e55b278e9f760,High,High
2025-03-27,0x513b8629fe877bb581bf244e326a047b249c4ff1,Medium,Low
2025-03-28,0x513b8629fe877bb581bf244e326a047b249c4ff1,Low,Medium
2025-04-01,0x513b8629fe877bb581bf244e326a047b249c4ff1,Low,High
2025-04-03,0x513b8629fe877bb581bf244e326a047b249c4ff1,Low,Low
2025-04-05,0x513b8629fe877bb581bf244e326a047b249c4ff1,High,Low
2025-04-07,0x513b8629fe877bb581bf244e326a047b249c4ff1,High,High
2025-04-08,0x513b8629fe877bb581bf244e326a047b249c4ff1,High,High
2025-04-09,0x513b8629fe877bb581bf244e326a047b249c4ff1,High,High
2025-04-10,0x513b8629fe877bb581bf244e326a047b249c4ff1,Low,High
2025-04-11,0x513b8629fe877bb581bf244e326a047b249c4ff1,High,High
2025-04-12,0x513b8629fe877bb581bf244e326a047b249c4ff1,High,High
2025-04-13,0x513b8629fe877bb581bf244e326a047b249c4ff1,High,High
2025-04-14,0x513b8629fe877bb581bf244e326a047b249c4ff1,High,High
2025-04-15,0x513b8629fe877bb581bf244e326a047b249c4ff1,High,High
2025-04-16,0x513b8629fe877bb581bf244e326a047b249c4ff1,Low,High
2025-04-17,0x513b8629fe877bb581bf244e326a047b249c4ff1,High,High
2025-04-18,0x513b8629fe877bb581bf244e326a047b249c4ff1,High,High
2025-04-19,0x513b8629fe877bb581bf244e326a047b249c4ff1,Low,High
2025-04-20,0x513b8629fe877bb581bf244e326a047b249c4ff1,High,High
2025-04-21,0x513b8629fe877bb581bf244e326a047b249c4ff1,High,High
2025-04-22,0x513b8629fe877bb581bf244e326a047b249c4ff1,Medium,High
2025-04-23,0x513b8629fe877bb581bf244e326a047b249c4ff1,High,Medium
2025-04-24,0x513b8629fe877bb581bf244e326a047b249c4ff1,Medium,High
2025-04-25,0x513b8629fe877bb581bf244e326a047b249c4ff1,Low,Medium
2025-04-26,0x513b8629fe877bb581bf244e326a047b249c4ff1,High,High
2025-04-28,0x513b8629fe877bb581bf244e326a047b249c4ff1,High,High
2025-04-29,0x513b8629fe877bb581bf244e326a047b249c4ff1,Low,High
2025-04-30,0x513b8629fe877bb581bf244e326a047b249c4ff1,High,High
2025-03-27,0x6d6a4b953f202f8df5bed40692e7fd865318264a,Low,Medium
2025-03-28,0x6d6a4b953f202f8df5bed40692e7fd865318264a,Low,Low
2025-03-29,0x6d6a4b953f202f8df5bed40692e7fd865318264a,Low,Low
2025-03-30,0x6d6a4b953f202f8df5bed40692e7fd865318264a,Low,Medium
2025-03-31,0x6d6a4b953f202f8df5bed40692e7fd865318264a,Medium,Low
2025-04-01,0x6d6a4b953f202f8df5bed40692e7fd865318264a,Medium,Medium
2025-04-02,0x6d6a4b953f202f8df5bed40692e7fd865318264a,Medium,Medium
2025-04-03,0x6d6a4b953f202f8df5bed40692e7fd865318264a,Medium,Medium
2025-04-04,0x6d6a4b953f202f8df5bed40692e7fd865318264a,Medium,Medium
2025-04-05,0x6d6a4b953f202f8df5bed40692e7fd865318264a,Medium,Medium
2025-04-06,0x6d6a4b953f202f8df5bed40692e7fd865318264a,Medium,Medium
2025-04-07,0x6d6a4b953f202f8df5bed40692e7fd865318264a,Medium,Medium
2025-04-08,0x6d6a4b953f202f8df5bed40692e7fd865318264a,Medium,Medium
2025-04-09,0x6d6a4b953f202f8df5bed40692e7fd865318264a,Medium,Medium
2025-04-10,0x6d6a4b953f202f8df5bed40692e7fd865318264a,Medium,Medium
2025-04-11,0x6d6a4b953f202f8df5bed40692e7fd865318264a,Medium,Low
2025-04-12,0x6d6a4b953f202f8df5bed40692e7fd865318264a,Low,Medium
2025-04-13,0x6d6a4b953f202f8df5bed40692e7fd865318264a,Medium,Low
2025-04-14,0x6d6a4b953f202f8df5bed40692e7fd865318264a,Low,Low
2025-04-15,0x6d6a4b953f202f8df5bed40692e7fd865318264a,Medium,Low
2025-04-16,0x6d6a4b953f202f8df5bed40692e7fd865318264a,Low,Low
2025-04-19,0x6d6a4b953f202f8df5bed40692e7fd865318264a,Low,Medium
2025-04-21,0x6d6a4b953f202f8df5bed40692e7fd865318264a,Low,Low
2025-04-22,0x6d6a4b953f202f8df5bed40692e7fd865318264a,Low,Low
2025-04-23,0x6d6a4b953f202f8df5bed40692e7fd865318264a,Medium,Low
2025-04-24,0x6d6a4b953f202f8df5bed40692e7fd865318264a,Low,Medium
2025-04-25,0x6d6a4b953f202f8df5bed40692e7fd865318264a,Medium,Low
2025-04-08,0x72743ae2822edd658c0c50608fd7c5c501b2afbd,High,High
2025-04-09,0x72743ae2822edd658c0c50608fd7c5c501b2afbd,Low,High
2025-04-10,0x72743ae2822edd658c0c50608fd7c5c501b2afbd,Low,Low
2025-04-11,0x72743ae2822edd658c0c50608fd7c5c501b2afbd,High,High
2025-04-16,0x72743ae2822edd658c0c50608fd7c5c501b2afbd,High,High
2025-04-18,0x72743ae2822edd658c0c50608fd7c5c501b2afbd,Low,High
2025-04-19,0x72743ae2822edd658c0c50608fd7c5c501b2afbd,Medium,Low
2025-04-20,0x72743ae2822edd658c0c50608fd7c5c501b2afbd,Low,Low
2025-04-22,0x72743ae2822edd658c0c50608fd7c5c501b2afbd,High,Low
2025-04-23,0x72743ae2822edd658c0c50608fd7c5c501b2afbd,Medium,High
2025-04-24,0x72743ae2822edd658c0c50608fd7c5c501b2afbd,High,Low
2025-04-12,0x72c6a4624e1dffa724e6d00d64ceae698af892a0,High,Low
2025-04-13,0x72c6a4624e1dffa724e6d00d64ceae698af892a0,High,Low
2025-04-14,0x72c6a4624e1dffa724e6d00d64ceae698af892a0,High,Low
2025-04-15,0x72c6a4624e1dffa724e6d00d64ceae698af892a0,High,High
2025-04-16,0x72c6a4624e1dffa724e6d00d64ceae698af892a0,High,Low
2025-04-20,0x72c6a4624e1dffa724e6d00d64ceae698af892a0,High,Medium
2025-03-29,0x75f7eeb85dc639d5e99c78f95393aa9a5f1170d4,Medium,Low
2025-03-31,0x75f7eeb85dc639d5e99c78f95393aa9a5f1170d4,Medium,Medium
2025-04-02,0x75f7eeb85dc639d5e99c78f95393aa9a5f1170d4,High,Medium
2025-04-06,0x75f7eeb85dc639d5e99c78f95393aa9a5f1170d4,Medium,High
2025-04-08,0x75f7eeb85dc639d5e99c78f95393aa9a5f1170d4,High,Medium
2025-04-09,0x75f7eeb85dc639d5e99c78f95393aa9a5f1170d4,High,High
2025-04-12,0x75f7eeb85dc639d5e99c78f95393aa9a5f1170d4,High,High
2025-04-14,0x75f7eeb85dc639d5e99c78f95393aa9a5f1170d4,Medium,High
2025-04-15,0x75f7eeb85dc639d5e99c78f95393aa9a5f1170d4,High,Medium
2025-04-16,0x75f7eeb85dc639d5e99c78f95393aa9a5f1170d4,High,High
2025-04-18,0x75f7eeb85dc639d5e99c78f95393aa9a5f1170d4,Medium,High
2025-04-19,0x75f7eeb85dc639d5e99c78f95393aa9a5f1170d4,Medium,Medium
2025-04-20,0x75f7eeb85dc639d5e99c78f95393aa9a5f1170d4,Medium,Medium
2025-04-22,0x75f7eeb85dc639d5e99c78f95393aa9a5f1170d4,High,Low
2025-04-23,0x75f7eeb85dc639d5e99c78f95393aa9a5f1170d4,High,High
2025-04-24,0x75f7eeb85dc639d5e99c78f95393aa9a5f1170d4,Medium,High
2025-04-25,0x75f7eeb85dc639d5e99c78f95393aa9a5f1170d4,Medium,Medium
2025-04-26,0x75f7eeb85dc639d5e99c78f95393aa9a5f1170d4,Medium,Medium
2025-04-27,0x75f7eeb85dc639d5e99c78f95393aa9a5f1170d4,Medium,Medium
2025-03-28,0x7f4f299f74eec87806a830e3caa9afa5f2b9db8f,Medium,Low
2025-04-08,0x7f4f299f74eec87806a830e3caa9afa5f2b9db8f,Medium,Medium
2025-04-09,0x7f4f299f74eec87806a830e3caa9afa5f2b9db8f,Medium,Medium
2025-04-10,0x7f4f299f74eec87806a830e3caa9afa5f2b9db8f,Medium,Medium
2025-04-11,0x7f4f299f74eec87806a830e3caa9afa5f2b9db8f,Medium,High
2025-04-12,0x7f4f299f74eec87806a830e3caa9afa5f2b9db8f,Medium,High
2025-04-13,0x7f4f299f74eec87806a830e3caa9afa5f2b9db8f,Medium,High
2025-04-17,0x7f4f299f74eec87806a830e3caa9afa5f2b9db8f,Medium,High
2025-03-27,0x8170715b3b381dffb7062c0298972d4727a0a63b,High,Low
2025-03-28,0x8170715b3b381dffb7062c0298972d4727a0a63b,High,Low
2025-03-29,0x8170715b3b381dffb7062c0298972d4727a0a63b,High,Medium
2025-03-30,0x8170715b3b381dffb7062c0298972d4727a0a63b,High,High
2025-03-31,0x8170715b3b381dffb7062c0298972d4727a0a63b,High,High
2025-04-01,0x8170715b3b381dffb7062c0298972d4727a0a63b,High,Low
2025-04-02,0x8170715b3b381dffb7062c0298972d4727a0a63b,Low,High
2025-04-03,0x8170715b3b381dffb7062c0298972d4727a0a63b,High,High
2025-04-04,0x8170715b3b381dffb7062c0298972d4727a0a63b,High,Low
2025-04-06,0x8170715b3b381dffb7062c0298972d4727a0a63b,Low,Low
2025-04-07,0x8170715b3b381dffb7062c0298972d4727a0a63b,Low,High
2025-04-08,0x8170715b3b381dffb7062c0298972d4727a0a63b,High,High
2025-04-09,0x8170715b3b381dffb7062c0298972d4727a0a63b,High,High
2025-04-10,0x8170715b3b381dffb7062c0298972d4727a0a63b,High,High
2025-04-11,0x8170715b3b381dffb7062c0298972d4727a0a63b,Low,High
2025-04-12,0x8170715b3b381dffb7062c0298972d4727a0a63b,Low,Low
2025-04-13,0x8170715b3b381dffb7062c0298972d4727a0a63b,High,Low
2025-04-15,0x8170715b3b381dffb7062c0298972d4727a0a63b,High,High
2025-04-16,0x8170715b3b381dffb7062c0298972d4727a0a63b,Low,High
2025-04-17,0x8170715b3b381dffb7062c0298972d4727a0a63b,Low,Low
2025-04-18,0x8170715b3b381dffb7062c0298972d4727a0a63b,Low,Low
2025-04-19,0x8170715b3b381dffb7062c0298972d4727a0a63b,Low,High
2025-04-21,0x8170715b3b381dffb7062c0298972d4727a0a63b,Low,Low
2025-04-22,0x8170715b3b381dffb7062c0298972d4727a0a63b,High,Low
2025-04-23,0x8170715b3b381dffb7062c0298972d4727a0a63b,High,High
2025-04-24,0x8170715b3b381dffb7062c0298972d4727a0a63b,High,Medium
2025-04-25,0x8170715b3b381dffb7062c0298972d4727a0a63b,High,Medium
2025-04-26,0x8170715b3b381dffb7062c0298972d4727a0a63b,Medium,High
2025-04-07,0x8381e6d82f1affd39a336e143e081ef7620a3b7f,Medium,High
2025-04-08,0x8381e6d82f1affd39a336e143e081ef7620a3b7f,Low,High
2025-04-11,0x8381e6d82f1affd39a336e143e081ef7620a3b7f,Medium,Low
2025-04-12,0x8381e6d82f1affd39a336e143e081ef7620a3b7f,Medium,Low
2025-04-19,0x8381e6d82f1affd39a336e143e081ef7620a3b7f,High,Medium
2025-04-22,0x8381e6d82f1affd39a336e143e081ef7620a3b7f,Low,High
2025-04-23,0x8381e6d82f1affd39a336e143e081ef7620a3b7f,High,High
2025-04-26,0x8381e6d82f1affd39a336e143e081ef7620a3b7f,Medium,Low
2025-04-27,0x8381e6d82f1affd39a336e143e081ef7620a3b7f,Low,Medium
2025-04-28,0x8381e6d82f1affd39a336e143e081ef7620a3b7f,Low,Low
2025-03-27,0x8477e447846c758f5a675856001ea72298fd9cb5,High,Medium
2025-03-28,0x8477e447846c758f5a675856001ea72298fd9cb5,Low,Medium
2025-03-29,0x8477e447846c758f5a675856001ea72298fd9cb5,Medium,Medium
2025-03-30,0x8477e447846c758f5a675856001ea72298fd9cb5,Medium,Medium
2025-03-31,0x8477e447846c758f5a675856001ea72298fd9cb5,Low,Medium
2025-04-03,0x8477e447846c758f5a675856001ea72298fd9cb5,Medium,Medium
2025-04-04,0x8477e447846c758f5a675856001ea72298fd9cb5,Low,Medium
2025-04-05,0x8477e447846c758f5a675856001ea72298fd9cb5,Medium,Medium
2025-04-06,0x8477e447846c758f5a675856001ea72298fd9cb5,Medium,Medium
2025-04-07,0x8477e447846c758f5a675856001ea72298fd9cb5,Medium,Medium
2025-04-08,0x8477e447846c758f5a675856001ea72298fd9cb5,Medium,Medium
2025-04-09,0x8477e447846c758f5a675856001ea72298fd9cb5,Medium,Medium
2025-04-10,0x8477e447846c758f5a675856001ea72298fd9cb5,Low,Medium
2025-04-11,0x8477e447846c758f5a675856001ea72298fd9cb5,Low,Medium
2025-04-12,0x8477e447846c758f5a675856001ea72298fd9cb5,Medium,Low
2025-04-13,0x8477e447846c758f5a675856001ea72298fd9cb5,Medium,Medium
2025-04-14,0x8477e447846c758f5a675856001ea72298fd9cb5,Medium,Medium
2025-04-15,0x8477e447846c758f5a675856001ea72298fd9cb5,Medium,Medium
2025-04-16,0x8477e447846c758f5a675856001ea72298fd9cb5,Low,Low
2025-04-18,0x8477e447846c758f5a675856001ea72298fd9cb5,Low,Low
2025-04-19,0x8477e447846c758f5a675856001ea72298fd9cb5,Low,Medium
2025-04-20,0x8477e447846c758f5a675856001ea72298fd9cb5,Medium,Medium
2025-04-21,0x8477e447846c758f5a675856001ea72298fd9cb5,Medium,Medium
2025-04-22,0x8477e447846c758f5a675856001ea72298fd9cb5,Medium,Medium
2025-04-23,0x8477e447846c758f5a675856001ea72298fd9cb5,Medium,Medium
2025-04-24,0x8477e447846c758f5a675856001ea72298fd9cb5,Low,Medium
2025-04-25,0x8477e447846c758f5a675856001ea72298fd9cb5,Medium,Medium
2025-04-26,0x8477e447846c758f5a675856001ea72298fd9cb5,Low,Medium
2025-04-27,0x8477e447846c758f5a675856001ea72298fd9cb5,High,Medium
2025-04-28,0x8477e447846c758f5a675856001ea72298fd9cb5,Medium,High
2025-04-29,0x8477e447846c758f5a675856001ea72298fd9cb5,Medium,Medium
2025-04-30,0x8477e447846c758f5a675856001ea72298fd9cb5,Medium,Medium
2025-04-07,0x92f17e8d81a944691c10e753af1b1baae1a2cd0d,Medium,High
2025-04-14,0x92f17e8d81a944691c10e753af1b1baae1a2cd0d,Low,High
2025-04-16,0x92f17e8d81a944691c10e753af1b1baae1a2cd0d,High,High
2025-04-15,0xa0feb3725a9335f49874d7cd8eaad6be45b27416,Medium,Medium
2025-04-16,0xa0feb3725a9335f49874d7cd8eaad6be45b27416,Low,Medium
2025-04-17,0xa0feb3725a9335f49874d7cd8eaad6be45b27416,Medium,Medium
2025-04-23,0xa0feb3725a9335f49874d7cd8eaad6be45b27416,Medium,Medium
2025-04-24,0xa0feb3725a9335f49874d7cd8eaad6be45b27416,Medium,Medium
2025-04-25,0xa0feb3725a9335f49874d7cd8eaad6be45b27416,Low,Medium
2025-04-26,0xa0feb3725a9335f49874d7cd8eaad6be45b27416,Medium,Low
2025-04-27,0xa0feb3725a9335f49874d7cd8eaad6be45b27416,Medium,Medium
2025-04-28,0xa0feb3725a9335f49874d7cd8eaad6be45b27416,Medium,Medium
2025-04-29,0xa0feb3725a9335f49874d7cd8eaad6be45b27416,Medium,Medium
2025-04-30,0xa0feb3725a9335f49874d7cd8eaad6be45b27416,Medium,Medium
2025-04-08,0xa520ded057a32086c40e7dd6ed4eb8efb82c00e0,High,Low
2025-04-10,0xa520ded057a32086c40e7dd6ed4eb8efb82c00e0,Medium,Low
2025-04-08,0xae5eacaf9c6b9111fd53034a602c192a04e082ed,High,Low
2025-04-09,0xae5eacaf9c6b9111fd53034a602c192a04e082ed,High,Medium
2025-04-10,0xae5eacaf9c6b9111fd53034a602c192a04e082ed,High,Low
2025-04-12,0xae5eacaf9c6b9111fd53034a602c192a04e082ed,Low,High
2025-04-21,0xae5eacaf9c6b9111fd53034a602c192a04e082ed,High,Low
2025-04-23,0xae5eacaf9c6b9111fd53034a602c192a04e082ed,High,High
2025-04-24,0xae5eacaf9c6b9111fd53034a602c192a04e082ed,High,High
2025-03-27,0xaf40fdc468c30116bd3307bcbf4a451a7ebf1deb,High,High
2025-03-28,0xaf40fdc468c30116bd3307bcbf4a451a7ebf1deb,High,High
2025-04-03,0xaf40fdc468c30116bd3307bcbf4a451a7ebf1deb,High,High
2025-04-05,0xaf40fdc468c30116bd3307bcbf4a451a7ebf1deb,Low,High
2025-04-07,0xaf40fdc468c30116bd3307bcbf4a451a7ebf1deb,High,High
2025-04-11,0xaf40fdc468c30116bd3307bcbf4a451a7ebf1deb,Low,High
2025-04-03,0xb1231a4a2dd02f2276fa3c5e2a2f3436e6bfed23,Medium,High
2025-04-04,0xb1231a4a2dd02f2276fa3c5e2a2f3436e6bfed23,High,Medium
2025-04-07,0xb1231a4a2dd02f2276fa3c5e2a2f3436e6bfed23,Low,Medium
2025-04-11,0xb1231a4a2dd02f2276fa3c5e2a2f3436e6bfed23,Low,Low
2025-04-12,0xb1231a4a2dd02f2276fa3c5e2a2f3436e6bfed23,Low,Low
2025-04-13,0xb1231a4a2dd02f2276fa3c5e2a2f3436e6bfed23,Low,Low
2025-04-15,0xb1231a4a2dd02f2276fa3c5e2a2f3436e6bfed23,Low,Low
2025-04-17,0xb1231a4a2dd02f2276fa3c5e2a2f3436e6bfed23,Low,Low
2025-04-18,0xb1231a4a2dd02f2276fa3c5e2a2f3436e6bfed23,Low,Low
2025-04-19,0xb1231a4a2dd02f2276fa3c5e2a2f3436e6bfed23,Low,Low
2025-04-20,0xb1231a4a2dd02f2276fa3c5e2a2f3436e6bfed23,Low,Low
2025-04-22,0xb1231a4a2dd02f2276fa3c5e2a2f3436e6bfed23,Low,Low
2025-04-23,0xb1231a4a2dd02f2276fa3c5e2a2f3436e6bfed23,High,Low
2025-03-30,0xb899e522b5715391ae1d4f137653e7906c5e2115,Medium,High
2025-04-03,0xb899e522b5715391ae1d4f137653e7906c5e2115,Low,High
2025-04-04,0xb899e522b5715391ae1d4f137653e7906c5e2115,High,High
2025-04-05,0xb899e522b5715391ae1d4f137653e7906c5e2115,Medium,Low
2025-04-06,0xb899e522b5715391ae1d4f137653e7906c5e2115,Medium,High
2025-04-07,0xb899e522b5715391ae1d4f137653e7906c5e2115,Medium,High
2025-04-08,0xb899e522b5715391ae1d4f137653e7906c5e2115,High,Medium
2025-04-09,0xb899e522b5715391ae1d4f137653e7906c5e2115,Medium,High
2025-04-10,0xb899e522b5715391ae1d4f137653e7906c5e2115,High,Medium
2025-04-11,0xb899e522b5715391ae1d4f137653e7906c5e2115,Medium,High
2025-04-12,0xb899e522b5715391ae1d4f137653e7906c5e2115,High,High
2025-04-13,0xb899e522b5715391ae1d4f137653e7906c5e2115,Medium,High
2025-03-27,0xbaaaf6571ab7d571043ff1e313a9609a10637864,Low,High
2025-03-28,0xbaaaf6571ab7d571043ff1e313a9609a10637864,Medium,Low
2025-03-29,0xbaaaf6571ab7d571043ff1e313a9609a10637864,Low,High
2025-03-30,0xbaaaf6571ab7d571043ff1e313a9609a10637864,Low,High
2025-03-31,0xbaaaf6571ab7d571043ff1e313a9609a10637864,High,High
2025-04-02,0xbaaaf6571ab7d571043ff1e313a9609a10637864,Medium,High
2025-04-03,0xbaaaf6571ab7d571043ff1e313a9609a10637864,High,Medium
2025-04-04,0xbaaaf6571ab7d571043ff1e313a9609a10637864,Medium,High
2025-04-06,0xbaaaf6571ab7d571043ff1e313a9609a10637864,Medium,High
2025-04-07,0xbaaaf6571ab7d571043ff1e313a9609a10637864,Low,High
2025-04-30,0xbaaaf6571ab7d571043ff1e313a9609a10637864,Low,Low
2025-03-27,0xbd5fead7180a9c139fa51a103cb6a2ce86ddb5c3,High,High
2025-03-31,0xbd5fead7180a9c139fa51a103cb6a2ce86ddb5c3,High,Low
2025-04-01,0xbd5fead7180a9c139fa51a103cb6a2ce86ddb5c3,High,High
2025-04-02,0xbd5fead7180a9c139fa51a103cb6a2ce86ddb5c3,High,High
2025-04-03,0xbd5fead7180a9c139fa51a103cb6a2ce86ddb5c3,High,High
2025-04-04,0xbd5fead7180a9c139fa51a103cb6a2ce86ddb5c3,High,High
2025-04-07,0xbd5fead7180a9c139fa51a103cb6a2ce86ddb5c3,High,High
2025-04-09,0xbd5fead7180a9c139fa51a103cb6a2ce86ddb5c3,High,High
2025-04-10,0xbd5fead7180a9c139fa51a103cb6a2ce86ddb5c3,Low,High
2025-04-12,0xbd5fead7180a9c139fa51a103cb6a2ce86ddb5c3,High,High
2025-04-13,0xbd5fead7180a9c139fa51a103cb6a2ce86ddb5c3,Low,High
2025-04-14,0xbd5fead7180a9c139fa51a103cb6a2ce86ddb5c3,High,Medium
2025-04-15,0xbd5fead7180a9c139fa51a103cb6a2ce86ddb5c3,High,Low
2025-04-16,0xbd5fead7180a9c139fa51a103cb6a2ce86ddb5c3,Low,Low
2025-04-17,0xbd5fead7180a9c139fa51a103cb6a2ce86ddb5c3,Low,Low
2025-04-19,0xbd5fead7180a9c139fa51a103cb6a2ce86ddb5c3,High,Low
2025-04-23,0xbd5fead7180a9c139fa51a103cb6a2ce86ddb5c3,High,Medium
2025-03-27,0xbee1707d6b44d4d52bfe19e41f8a828645437aab,Medium,Medium
2025-03-28,0xbee1707d6b44d4d52bfe19e41f8a828645437aab,High,Medium
2025-03-29,0xbee1707d6b44d4d52bfe19e41f8a828645437aab,Medium,Medium
2025-03-30,0xbee1707d6b44d4d52bfe19e41f8a828645437aab,Medium,Medium
2025-03-31,0xbee1707d6b44d4d52bfe19e41f8a828645437aab,Medium,Medium
2025-04-01,0xbee1707d6b44d4d52bfe19e41f8a828645437aab,Medium,Medium
2025-04-02,0xbee1707d6b44d4d52bfe19e41f8a828645437aab,Medium,Medium
2025-04-03,0xbee1707d6b44d4d52bfe19e41f8a828645437aab,Medium,Medium
2025-04-04,0xbee1707d6b44d4d52bfe19e41f8a828645437aab,Medium,Medium
2025-04-05,0xbee1707d6b44d4d52bfe19e41f8a828645437aab,Medium,Medium
2025-04-06,0xbee1707d6b44d4d52bfe19e41f8a828645437aab,High,Medium
2025-04-07,0xbee1707d6b44d4d52bfe19e41f8a828645437aab,High,Medium
2025-04-08,0xbee1707d6b44d4d52bfe19e41f8a828645437aab,Medium,Medium
2025-04-09,0xbee1707d6b44d4d52bfe19e41f8a828645437aab,Low,Medium
2025-04-10,0xbee1707d6b44d4d52bfe19e41f8a828645437aab,Medium,Medium
2025-04-11,0xbee1707d6b44d4d52bfe19e41f8a828645437aab,Medium,Medium
2025-04-12,0xbee1707d6b44d4d52bfe19e41f8a828645437aab,Medium,Medium
2025-04-13,0xbee1707d6b44d4d52bfe19e41f8a828645437aab,Medium,Medium
2025-04-14,0xbee1707d6b44d4d52bfe19e41f8a828645437aab,Medium,Medium
2025-04-15,0xbee1707d6b44d4d52bfe19e41f8a828645437aab,Medium,High
2025-04-16,0xbee1707d6b44d4d52bfe19e41f8a828645437aab,Medium,Medium
2025-04-17,0xbee1707d6b44d4d52bfe19e41f8a828645437aab,Medium,Medium
2025-04-18,0xbee1707d6b44d4d52bfe19e41f8a828645437aab,Medium,Medium
2025-04-19,0xbee1707d6b44d4d52bfe19e41f8a828645437aab,Medium,Medium
2025-04-20,0xbee1707d6b44d4d52bfe19e41f8a828645437aab,Medium,Medium
2025-04-21,0xbee1707d6b44d4d52bfe19e41f8a828645437aab,Medium,Medium
2025-04-22,0xbee1707d6b44d4d52bfe19e41f8a828645437aab,Medium,Medium
2025-04-23,0xbee1707d6b44d4d52bfe19e41f8a828645437aab,Medium,Medium
2025-04-24,0xbee1707d6b44d4d52bfe19e41f8a828645437aab,Medium,Low
2025-04-25,0xbee1707d6b44d4d52bfe19e41f8a828645437aab,Low,Medium
2025-04-26,0xbee1707d6b44d4d52bfe19e41f8a828645437aab,High,Low
2025-04-27,0xbee1707d6b44d4d52bfe19e41f8a828645437aab,Medium,High
2025-04-28,0xbee1707d6b44d4d52bfe19e41f8a828645437aab,Medium,Medium
2025-04-29,0xbee1707d6b44d4d52bfe19e41f8a828645437aab,High,Medium
2025-04-30,0xbee1707d6b44d4d52bfe19e41f8a828645437aab,Medium,Medium
